{
  "M_vox": 32,
  "N_z_vox": 1,
  "a_km": 0.01,
  "n_freq": 64,
  "n_p_in": 24,
  "n_p_out": 24,
  "slowness_2d": [
    [
      0.05,
      -0.6
    ],
    [
      0.05,
      0.0
    ],
    [
      0.05,
      0.6
    ],
    [
      0.12857142857142856,
      -0.6
    ],
    [
      0.12857142857142856,
      0.0
    ],
    [
      0.12857142857142856,
      0.6
    ],
    [
      0.20714285714285713,
      -0.6
    ],
    [
      0.20714285714285713,
      0.0
    ],
    [
      0.20714285714285713,
      0.6
    ],
    [
      0.28571428571428564,
      -0.6
    ],
    [
      0.28571428571428564,
      0.0
    ],
    [
      0.28571428571428564,
      0.6
    ],
    [
      0.3642857142857142,
      -0.6
    ],
    [
      0.3642857142857142,
      0.0
    ],
    [
      0.3642857142857142,
      0.6
    ],
    [
      0.4428571428571428,
      -0.6
    ],
    [
      0.4428571428571428,
      0.0
    ],
    [
      0.4428571428571428,
      0.6
    ],
    [
      0.5214285714285714,
      -0.6
    ],
    [
      0.5214285714285714,
      0.0
    ],
    [
      0.5214285714285714,
      0.6
    ],
    [
      0.6,
      -0.6
    ],
    [
      0.6,
      0.0
    ],
    [
      0.6,
      0.6
    ]
  ],
  "omegas_real": [
    0.19634954084936207,
    0.39269908169872414,
    0.5890486225480862,
    0.7853981633974483,
    0.9817477042468103,
    1.1780972450961724,
    1.3744467859455345,
    1.5707963267948966,
    1.7671458676442586,
    1.9634954084936207,
    2.1598449493429825,
    2.356194490192345,
    2.552544031041707,
    2.748893571891069,
    2.945243112740431,
    3.141592653589793,
    3.3379421944391554,
    3.5342917352885173,
    3.730641276137879,
    3.9269908169872414,
    4.123340357836604,
    4.319689898685965,
    4.516039439535327,
    4.71238898038469,
    4.908738521234052,
    5.105088062083414,
    5.301437602932776,
    5.497787143782138,
    5.6941366846315,
    5.890486225480862,
    6.086835766330224,
    6.283185307179586,
    6.4795348480289485,
    6.675884388878311,
    6.872233929727672,
    7.0685834705770345,
    7.264933011426397,
    7.461282552275758,
    7.6576320931251205,
    7.853981633974483,
    8.050331174823844,
    8.246680715673207,
    8.443030256522569,
    8.63937979737193,
    8.835729338221293,
    9.032078879070655,
    9.228428419920018,
    9.42477796076938,
    9.62112750161874,
    9.817477042468104,
    10.013826583317465,
    10.210176124166829,
    10.40652566501619,
    10.602875205865551,
    10.799224746714915,
    10.995574287564276,
    11.191923828413637,
    11.388273369263,
    11.584622910112362,
    11.780972450961723,
    11.977321991811086,
    12.173671532660448,
    12.370021073509811,
    12.566370614359172
  ],
  "omegas_imag": [
    0.1,
    0.1,
    0.1,
    0.1,
    0.1,
    0.1,
    0.1,
    0.1,
    0.1,
    0.1,
    0.1,
    0.1,
    0.1,
    0.1,
    0.1,
    0.1,
    0.1,
    0.1,
    0.1,
    0.1,
    0.1,
    0.1,
    0.1,
    0.1,
    0.1,
    0.1,
    0.1,
    0.1,
    0.1,
    0.1,
    0.1,
    0.1,
    0.1,
    0.1,
    0.1,
    0.1,
    0.1,
    0.1,
    0.1,
    0.1,
    0.1,
    0.1,
    0.1,
    0.1,
    0.1,
    0.1,
    0.1,
    0.1,
    0.1,
    0.1,
    0.1,
    0.1,
    0.1,
    0.1,
    0.1,
    0.1,
    0.1,
    0.1,
    0.1,
    0.1,
    0.1,
    0.1,
    0.1,
    0.1
  ],
  "rtol": 1e-08,
  "max_iter": 30,
  "k_par_convention": "kx=omega*p_x, ky=omega*p_y, kz=sqrt((omega/beta)**2 - kx**2 - ky**2)",
  "random_seed": 20260406,
  "architecture": "slowness-batched per (iface, freq)"
}